year,dividend_yield_pct,source_url,note
1985,,https://www.sec.gov/Archives/edgar/data/1067839/0001047469-99-008995.txt,N/A in filing (eleven months from 1985-01-31); backfill assumes the 1986 value
1986,0.33,https://www.sec.gov/Archives/edgar/data/1067839/0001047469-99-008995.txt,
1987,0.41,https://www.sec.gov/Archives/edgar/data/1067839/0001047469-99-008995.txt,
1988,0.47,https://www.sec.gov/Archives/edgar/data/1067839/0001047469-99-008995.txt,
1989,0.91,https://www.sec.gov/Archives/edgar/data/1067839/0001047469-99-008995.txt,
1990,1.07,https://www.sec.gov/Archives/edgar/data/1067839/0001047469-99-008995.txt,
1991,0.53,https://www.sec.gov/Archives/edgar/data/1067839/0001047469-99-008995.txt,
1992,0.55,https://www.sec.gov/Archives/edgar/data/1067839/0001047469-99-008995.txt,
1993,0.52,https://www.sec.gov/Archives/edgar/data/1067839/0001047469-99-008995.txt,
1994,0.46,https://www.sec.gov/Archives/edgar/data/1067839/0001047469-99-008995.txt,
1995,0.26,https://www.sec.gov/Archives/edgar/data/1067839/0001047469-99-008995.txt,
1996,0.11,https://www.sec.gov/Archives/edgar/data/1067839/0001047469-99-008995.txt,
1997,0.13,https://www.sec.gov/Archives/edgar/data/1067839/0001047469-99-008995.txt,
1998,0.07,https://www.sec.gov/Archives/edgar/data/1067839/0001047469-99-008995.txt,modified market value from 1998
1999,0.03,https://www.sec.gov/Archives/edgar/data/1067839/000120677407000760/nasdaq_485bpos.htm,
2000,0.06,https://www.sec.gov/Archives/edgar/data/1067839/000120677407000760/nasdaq_485bpos.htm,validation only (XNDX observed)
2001,0.06,https://www.sec.gov/Archives/edgar/data/1067839/000120677407000760/nasdaq_485bpos.htm,validation only (XNDX observed)
2002,0.12,https://www.sec.gov/Archives/edgar/data/1067839/000120677407000760/nasdaq_485bpos.htm,validation only (XNDX observed)
2003,0.21,https://www.sec.gov/Archives/edgar/data/1067839/000120677407000760/nasdaq_485bpos.htm,validation only (XNDX observed)
2004,1.13,https://www.sec.gov/Archives/edgar/data/1067839/000120677407000760/nasdaq_485bpos.htm,validation only; includes the Microsoft special dividend
2005,0.52,https://www.sec.gov/Archives/edgar/data/1067839/000120677407000760/nasdaq_485bpos.htm,validation only (XNDX observed)
2006,0.51,https://www.sec.gov/Archives/edgar/data/1067839/000120677407000760/nasdaq_485bpos.htm,validation only (XNDX observed)
