month,NDX,ndx_pr,div_default,div_low,div_high,div_flat_alt,ndx_tr_default,ndx_tr_low,ndx_tr_high,nasdaq_yearend_yield_pct
1985-02,123.52,-0.0118400000,0.0002910380,0.0002182785,0.0003637975,0.0002750000,-0.0115489620,-0.0116217215,-0.0114762025,N/A (assumed 0.33)
1985-03,117.36,-0.0498704663,0.0002945252,0.0002208939,0.0003681565,0.0002750000,-0.0495759411,-0.0496495724,-0.0495023098,N/A (assumed 0.33)
1985-04,115.38,-0.0168711656,0.0003099842,0.0002324882,0.0003874803,0.0002750000,-0.0165611814,-0.0166386775,-0.0164836853,N/A (assumed 0.33)
1985-05,119.64,0.0369214769,0.0003153038,0.0002364778,0.0003941297,0.0002750000,0.0372367806,0.0371579547,0.0373156066,N/A (assumed 0.33)
1985-06,122.14,0.0208960214,0.0003040768,0.0002280576,0.0003800960,0.0002750000,0.0212000982,0.0211240790,0.0212761174,N/A (assumed 0.33)
1985-07,123.27,0.0092516784,0.0002978529,0.0002233897,0.0003723161,0.0002750000,0.0095495313,0.0094750681,0.0096239945,N/A (assumed 0.33)
1985-08,118.3,-0.0403180011,0.0002951225,0.0002213419,0.0003689031,0.0002750000,-0.0400228786,-0.0400966593,-0.0399490980,N/A (assumed 0.33)
1985-09,110.62,-0.0649196957,0.0003075211,0.0002306408,0.0003844014,0.0002750000,-0.0646121746,-0.0646890548,-0.0645352943,N/A (assumed 0.33)
1985-10,115.48,0.0439341891,0.0003288714,0.0002466535,0.0004110892,0.0002750000,0.0442630605,0.0441808426,0.0443452783,N/A (assumed 0.33)
1985-11,126.06,0.0916175961,0.0003150307,0.0002362731,0.0003937884,0.0002750000,0.0919326269,0.0918538692,0.0920113845,N/A (assumed 0.33)
1985-12,132.29,0.0494209107,0.0002885908,0.0002164431,0.0003607384,0.0002750000,0.0497095014,0.0496373537,0.0497816491,N/A (assumed 0.33)
1986-01,132.93,0.0048378562,0.0002939583,0.0002204688,0.0003674479,0.0002750000,0.0051318146,0.0050583250,0.0052053042,0.33
1986-02,140.43,0.0564206725,0.0002925431,0.0002194073,0.0003656788,0.0002750000,0.0567132156,0.0566400798,0.0567863514,0.33
1986-03,148.86,0.0600299081,0.0002769191,0.0002076893,0.0003461489,0.0002750000,0.0603068272,0.0602375975,0.0603760570,0.33
1986-04,154.91,0.0406422142,0.0002612371,0.0001959278,0.0003265463,0.0002750000,0.0409034512,0.0408381420,0.0409687605,0.33
1986-05,163.16,0.0532567297,0.0002510345,0.0001882759,0.0003137931,0.0002750000,0.0535077642,0.0534450056,0.0535705228,0.33
1986-06,162.62,-0.0033096347,0.0002383412,0.0001787559,0.0002979265,0.0002750000,-0.0030712935,-0.0031308788,-0.0030117082,0.33
1986-07,144.71,-0.1101340549,0.0002391326,0.0001793495,0.0002989158,0.0002750000,-0.1098949222,-0.1099547054,-0.1098351391,0.33
1986-08,151.7,0.0483035036,0.0002687288,0.0002015466,0.0003359110,0.0002750000,0.0485722324,0.0485050502,0.0486394146,0.33
1986-09,137.5,-0.0936058009,0.0002563464,0.0001922598,0.0003204330,0.0002750000,-0.0933494545,-0.0934135411,-0.0932853679,0.33
1986-10,144.48,0.0507636364,0.0002828200,0.0002121150,0.0003535250,0.0002750000,0.0510464564,0.0509757514,0.0511171614,0.33
1986-11,147.94,0.0239479513,0.0002691566,0.0002018675,0.0003364458,0.0002750000,0.0242171079,0.0241498187,0.0242843971,0.33
1986-12,141.41,-0.0441395160,0.0002628616,0.0001971462,0.0003285770,0.0002750000,-0.0438766544,-0.0439423698,-0.0438109390,0.33
1987-01,166.68,0.1787002334,0.0003775222,0.0002831417,0.0004719028,0.0003416667,0.1790777556,0.1789833750,0.1791721361,0.41
1987-02,182.75,0.0964122870,0.0003202869,0.0002402152,0.0004003586,0.0003416667,0.0967325739,0.0966525022,0.0968126456,0.41
1987-03,186.04,0.0180027360,0.0002921227,0.0002190920,0.0003651533,0.0003416667,0.0182948586,0.0182218280,0.0183678893,0.41
1987-04,184.83,-0.0065039776,0.0002869567,0.0002152175,0.0003586958,0.0003416667,-0.0062170210,-0.0062887601,-0.0061452818,0.41
1987-05,188.77,0.0213168858,0.0002888352,0.0002166264,0.0003610440,0.0003416667,0.0216057210,0.0215335122,0.0216779298,0.41
1987-06,189.24,0.0024898024,0.0002828067,0.0002121050,0.0003535083,0.0003416667,0.0027726091,0.0027019074,0.0028433108,0.41
1987-07,196.35,0.0375713380,0.0002821043,0.0002115782,0.0003526304,0.0003416667,0.0378534423,0.0377829162,0.0379239684,0.41
1987-08,209.57,0.0673287497,0.0002718891,0.0002039168,0.0003398613,0.0003416667,0.0676006387,0.0675326665,0.0676686110,0.41
1987-09,205.5,-0.0194207186,0.0002547379,0.0001910534,0.0003184223,0.0003416667,-0.0191659807,-0.0192296652,-0.0191022963,0.41
1987-10,150.07,-0.2697323601,0.0002597830,0.0001948373,0.0003247288,0.0003416667,-0.2694725770,-0.2695375228,-0.2694076313,0.41
1987-11,137.13,-0.0862264277,0.0003557368,0.0002668026,0.0004446710,0.0003416667,-0.0858706909,-0.0859596251,-0.0857817567,0.41
1987-12,156.25,0.1394297382,0.0003893052,0.0002919789,0.0004866315,0.0003416667,0.1398190434,0.1397217171,0.1399163697,0.41
1988-01,159.13,0.0184320000,0.0004447077,0.0003335308,0.0005558847,0.0003916667,0.0188767077,0.0187655308,0.0189878847,0.47
1988-02,172.64,0.0848991391,0.0004366592,0.0003274944,0.0005458240,0.0003916667,0.0853357983,0.0852266335,0.0854449631,0.47
1988-03,173.26,0.0035912882,0.0004024883,0.0003018662,0.0005031104,0.0003916667,0.0039937765,0.0038931545,0.0040943986,0.47
1988-04,175.92,0.0153526492,0.0004010480,0.0003007860,0.0005013100,0.0003916667,0.0157536972,0.0156534352,0.0158539592,0.47
1988-05,173.34,-0.0146657572,0.0003949840,0.0002962380,0.0004937300,0.0003916667,-0.0142707732,-0.0143695192,-0.0141720272,0.47
1988-06,189.03,0.0905157494,0.0004008629,0.0003006472,0.0005010787,0.0003916667,0.0909166123,0.0908163966,0.0910168281,0.47
1988-07,181.16,-0.0416336031,0.0003675902,0.0002756927,0.0004594878,0.0003916667,-0.0412660129,-0.0413579105,-0.0411741153,0.47
1988-08,171.0,-0.0560830205,0.0003835592,0.0002876694,0.0004794490,0.0003916667,-0.0556994613,-0.0557953511,-0.0556035715,0.47
1988-09,179.37,0.0489473684,0.0004063484,0.0003047613,0.0005079356,0.0003916667,0.0493537169,0.0492521298,0.0494553040,0.47
1988-10,174.78,-0.0255895635,0.0003873869,0.0002905402,0.0004842336,0.0003916667,-0.0252021766,-0.0252990233,-0.0251053299,0.47
1988-11,169.19,-0.0319830644,0.0003975603,0.0002981702,0.0004969503,0.0003916667,-0.0315855042,-0.0316848942,-0.0314861141,0.47
1988-12,177.41,0.0485844317,0.0004106956,0.0003080217,0.0005133695,0.0003916667,0.0489951273,0.0488924534,0.0490978012,0.47
1989-01,186.47,0.0510681472,0.0009567969,0.0007175977,0.0011959961,0.0007583333,0.0520249441,0.0517857449,0.0522641433,0.91
1989-02,183.79,-0.0143722851,0.0009103091,0.0006827318,0.0011378863,0.0007583333,-0.0134619760,-0.0136895533,-0.0132343987,0.91
1989-03,185.87,0.0113172643,0.0009235831,0.0006926873,0.0011544788,0.0007583333,0.0122408473,0.0120099516,0.0124717431,0.91
1989-04,200.47,0.0785495239,0.0009132476,0.0006849357,0.0011415595,0.0007583333,0.0794627715,0.0792344596,0.0796910834,0.91
1989-05,214.54,0.0701850651,0.0008467368,0.0006350526,0.0010584210,0.0007583333,0.0710318019,0.0708201177,0.0712434861,0.91
1989-06,204.59,-0.0463782978,0.0007912060,0.0005934045,0.0009890075,0.0007583333,-0.0455870918,-0.0457848933,-0.0453892903,0.91
1989-07,214.28,0.0473630187,0.0008296854,0.0006222640,0.0010371067,0.0007583333,0.0481927041,0.0479852828,0.0484001255,0.91
1989-08,222.0,0.0360276274,0.0007921660,0.0005941245,0.0009902075,0.0007583333,0.0368197934,0.0366217519,0.0370178349,0.91
1989-09,226.41,0.0198648649,0.0007646186,0.0005734640,0.0009557733,0.0007583333,0.0206294835,0.0204383288,0.0208206381,0.91
1989-10,222.62,-0.0167395433,0.0007497254,0.0005622941,0.0009371568,0.0007583333,-0.0159898179,-0.0161772492,-0.0158023865,0.91
1989-11,224.44,0.0081753661,0.0007624891,0.0005718669,0.0009531114,0.0007583333,0.0089378552,0.0087472330,0.0091284775,0.91
1989-12,223.84,-0.0026733203,0.0007563061,0.0005672295,0.0009453826,0.0007583333,-0.0019170142,-0.0021060907,-0.0017279377,0.91
1990-01,201.94,-0.0978377412,0.0007988113,0.0005991085,0.0009985141,0.0008916667,-0.0970389300,-0.0972386328,-0.0968392271,1.07
1990-02,207.91,0.0295632366,0.0008854408,0.0006640806,0.0011068010,0.0008916667,0.0304486774,0.0302273172,0.0306700376,1.07
1990-03,213.15,0.0252032129,0.0008600160,0.0006450120,0.0010750199,0.0008916667,0.0260632289,0.0258482249,0.0262782329,1.07
1990-04,205.81,-0.0344358433,0.0008388736,0.0006291552,0.0010485921,0.0008916667,-0.0335969697,-0.0338066881,-0.0333872513,1.07
1990-05,236.15,0.1474175210,0.0008687912,0.0006515934,0.0010859890,0.0008916667,0.1482863122,0.1480691144,0.1485035100,1.07
1990-06,238.46,0.0097819183,0.0007571709,0.0005678782,0.0009464637,0.0008916667,0.0105390892,0.0103497965,0.0107283819,1.07
1990-07,223.38,-0.0632391177,0.0007498361,0.0005623771,0.0009372951,0.0008916667,-0.0624892816,-0.0626767406,-0.0623018225,1.07
1990-08,193.62,-0.1332258931,0.0008004562,0.0006003422,0.0010005703,0.0008916667,-0.1324254368,-0.1326255509,-0.1322253228,1.07
1990-09,177.06,-0.0855283545,0.0009234889,0.0006926167,0.0011543611,0.0008916667,-0.0846048656,-0.0848357378,-0.0843739934,1.07
1990-10,172.56,-0.0254151135,0.0010098606,0.0007573954,0.0012623257,0.0008916667,-0.0244052529,-0.0246577181,-0.0241527878,1.07
1990-11,192.66,0.1164812239,0.0010361956,0.0007771467,0.0012952445,0.0008916667,0.1175174195,0.1172583706,0.1177764685,1.07
1990-12,200.53,0.0408491643,0.0009280905,0.0006960679,0.0011601131,0.0008916667,0.0417772548,0.0415452322,0.0420092775,1.07
1991-01,232.43,0.1590784421,0.0007287181,0.0005465385,0.0009108976,0.0004416667,0.1598071602,0.1596249807,0.1599893397,0.53
1991-02,250.12,0.0761089360,0.0006287047,0.0004715285,0.0007858809,0.0004416667,0.0767376407,0.0765804645,0.0768948169,0.53
1991-03,264.9,0.0590916360,0.0005842389,0.0004381792,0.0007302986,0.0004416667,0.0596758749,0.0595298152,0.0598219346,0.53
1991-04,263.65,-0.0047187618,0.0005516415,0.0004137311,0.0006895519,0.0004416667,-0.0041671203,-0.0043050307,-0.0040292099,0.53
1991-05,279.0,0.0582211265,0.0005542569,0.0004156927,0.0006928211,0.0004416667,0.0587753834,0.0586368192,0.0589139476,0.53
1991-06,254.19,-0.0889247312,0.0005237628,0.0003928221,0.0006547036,0.0004416667,-0.0884009683,-0.0885319091,-0.0882700276,0.53
1991-07,272.15,0.0706558086,0.0005748843,0.0004311632,0.0007186053,0.0004416667,0.0712306929,0.0710869719,0.0713744140,0.53
1991-08,287.4,0.0560352747,0.0005369459,0.0004027094,0.0006711824,0.0004416667,0.0565722206,0.0564379841,0.0567064571,0.53
1991-09,287.54,0.0004871260,0.0005084545,0.0003813409,0.0006355682,0.0004416667,0.0009955805,0.0008684669,0.0011226941,0.53
1991-10,292.5,0.0172497739,0.0005082070,0.0003811552,0.0006352587,0.0004416667,0.0177579809,0.0176309292,0.0178850327,0.53
1991-11,284.79,-0.0263589744,0.0004995892,0.0003746919,0.0006244865,0.0004416667,-0.0258593852,-0.0259842825,-0.0257344879,0.53
1991-12,330.86,0.1617683205,0.0005131143,0.0003848358,0.0006413929,0.0004416667,0.1622814349,0.1621531563,0.1624097134,0.53
1992-01,338.31,0.0225170767,0.0004989636,0.0003742227,0.0006237044,0.0004583333,0.0230160403,0.0228912994,0.0231407812,0.55
1992-02,345.88,0.0223759274,0.0004879758,0.0003659818,0.0006099697,0.0004583333,0.0228639032,0.0227419092,0.0229858971,0.55
1992-03,323.05,-0.0660055511,0.0004772958,0.0003579719,0.0005966198,0.0004583333,-0.0655282552,-0.0656475792,-0.0654089313,0.55
1992-04,307.86,-0.0470205850,0.0005110264,0.0003832698,0.0006387830,0.0004583333,-0.0465095586,-0.0466373152,-0.0463818020,0.55
1992-05,315.3,0.0241668291,0.0005362408,0.0004021806,0.0006703010,0.0004583333,0.0247030698,0.0245690097,0.0248371300,0.55
1992-06,301.23,-0.0446241675,0.0005235873,0.0003926905,0.0006544842,0.0004583333,-0.0441005801,-0.0442314770,-0.0439696833,0.55
1992-07,310.89,0.0320685191,0.0005480433,0.0004110325,0.0006850541,0.0004583333,0.0326165624,0.0324795515,0.0327535732,0.55
1992-08,299.26,-0.0374087298,0.0005310145,0.0003982608,0.0006637681,0.0004583333,-0.0368777153,-0.0370104689,-0.0367449617,0.55
1992-09,313.19,0.0465481521,0.0005516510,0.0004137383,0.0006895638,0.0004583333,0.0470998031,0.0469618904,0.0472377159,0.55
1992-10,329.15,0.0509594815,0.0005271148,0.0003953361,0.0006588935,0.0004583333,0.0514865963,0.0513548176,0.0516183750,0.55
1992-11,350.96,0.0662615829,0.0005015558,0.0003761668,0.0006269447,0.0004583333,0.0667631386,0.0666377497,0.0668885276,0.55
1992-12,360.19,0.0262992934,0.0004703872,0.0003527904,0.0005879840,0.0004583333,0.0267696805,0.0266520837,0.0268872773,0.55
1993-01,370.56,0.0287903606,0.0004791582,0.0003593687,0.0005989478,0.0004333333,0.0292695189,0.0291497293,0.0293893084,0.52
1993-02,351.14,-0.0524071675,0.0004657491,0.0003493119,0.0005821864,0.0004333333,-0.0519414184,-0.0520578557,-0.0518249811,0.52
1993-03,359.42,0.0235803383,0.0004915077,0.0003686307,0.0006143846,0.0004333333,0.0240718460,0.0239489691,0.0241947229,0.52
1993-04,339.94,-0.0541984308,0.0004801847,0.0003601386,0.0006002309,0.0004333333,-0.0537182461,-0.0538382922,-0.0535981999,0.52
1993-05,368.11,0.0828675649,0.0005077014,0.0003807760,0.0006346267,0.0004333333,0.0833752662,0.0832483409,0.0835021916,0.52
1993-06,366.13,-0.0053788270,0.0004688490,0.0003516367,0.0005860612,0.0004333333,-0.0049099780,-0.0050271902,-0.0047927657,0.52
1993-07,352.87,-0.0362166444,0.0004713845,0.0003535384,0.0005892306,0.0004333333,-0.0357452599,-0.0358631060,-0.0356274138,0.52
1993-08,372.65,0.0560546377,0.0004890980,0.0003668235,0.0006113725,0.0004333333,0.0565437357,0.0564214612,0.0566660101,0.52
1993-09,382.71,0.0269958406,0.0004631370,0.0003473527,0.0005789212,0.0004333333,0.0274589776,0.0273431933,0.0275747618,0.52
1993-10,390.99,0.0216351807,0.0004509629,0.0003382222,0.0005637036,0.0004333333,0.0220861436,0.0219734028,0.0221988843,0.52
1993-11,386.76,-0.0108186910,0.0004414128,0.0003310596,0.0005517660,0.0004333333,-0.0103772782,-0.0104876314,-0.0102669250,0.52
1993-12,398.28,0.0297859137,0.0004462406,0.0003346804,0.0005578007,0.0004333333,0.0302321543,0.0301205942,0.0303437144,0.52
1994-01,414.0,0.0394697198,0.0003890985,0.0002918239,0.0004863732,0.0003833333,0.0398588183,0.0397615437,0.0399560930,0.46
1994-02,412.17,-0.0044202899,0.0003743241,0.0002807431,0.0004679051,0.0003833333,-0.0040459658,-0.0041395468,-0.0039523848,0.46
1994-03,382.96,-0.0708688163,0.0003759860,0.0002819895,0.0004699826,0.0003833333,-0.0704928302,-0.0705868267,-0.0703988337,0.46
1994-04,373.25,-0.0253551285,0.0004046641,0.0003034981,0.0005058301,0.0003833333,-0.0249504644,-0.0250516304,-0.0248492983,0.46
1994-05,378.85,0.0150033490,0.0004151913,0.0003113935,0.0005189892,0.0003833333,0.0154185403,0.0153147425,0.0155223381,0.46
1994-06,360.3,-0.0489639699,0.0004090542,0.0003067906,0.0005113177,0.0003833333,-0.0485549158,-0.0486571793,-0.0484526522,0.46
1994-07,370.16,0.0273660838,0.0004301143,0.0003225857,0.0005376428,0.0003833333,0.0277961981,0.0276886695,0.0279037266,0.46
1994-08,397.9,0.0749405662,0.0004186572,0.0003139929,0.0005233216,0.0003833333,0.0753592235,0.0752545592,0.0754638878,0.46
1994-09,393.85,-0.0101784368,0.0003894701,0.0002921026,0.0004868377,0.0003833333,-0.0097889667,-0.0098863342,-0.0096915991,0.46
1994-10,413.05,0.0487495239,0.0003934751,0.0002951063,0.0004918439,0.0003833333,0.0491429990,0.0490446303,0.0492413678,0.46
1994-11,404.82,-0.0199249486,0.0003751850,0.0002813888,0.0004689813,0.0003833333,-0.0195497635,-0.0196435598,-0.0194559673,0.46
1994-12,404.27,-0.0013586285,0.0003828125,0.0002871094,0.0004785157,0.0003833333,-0.0009758160,-0.0010715191,-0.0008801129,0.46
1995-01,405.33,0.0026220100,0.0003088278,0.0002316209,0.0003860348,0.0002166667,0.0029308379,0.0028536309,0.0030080449,0.26
1995-02,432.5,0.0670318012,0.0003080202,0.0002310152,0.0003850253,0.0002166667,0.0673398215,0.0672628164,0.0674168265,0.26
1995-03,447.15,0.0338728324,0.0002886701,0.0002165026,0.0003608377,0.0002166667,0.0341615025,0.0340893350,0.0342336700,0.26
1995-04,469.56,0.0501174103,0.0002792124,0.0002094093,0.0003490155,0.0002166667,0.0503966227,0.0503268196,0.0504664258,0.26
1995-05,488.1,0.0394837720,0.0002658869,0.0001994151,0.0003323586,0.0002166667,0.0397496589,0.0396831872,0.0398161306,0.26
1995-06,538.03,0.1022946118,0.0002557874,0.0001918406,0.0003197343,0.0002166667,0.1025503992,0.1024864523,0.1026143460,0.26
1995-07,568.88,0.0573388101,0.0002320499,0.0001740375,0.0002900624,0.0002166667,0.0575708601,0.0575128476,0.0576288725,0.26
1995-08,576.77,0.0138693573,0.0002194660,0.0001645995,0.0002743325,0.0002166667,0.0140888234,0.0140339569,0.0141436899,0.26
1995-09,585.08,0.0144078229,0.0002164638,0.0001623479,0.0002705798,0.0002166667,0.0146242867,0.0145701707,0.0146784026,0.26
1995-10,598.78,0.0234156013,0.0002133893,0.0001600420,0.0002667367,0.0002166667,0.0236289906,0.0235756433,0.0236823380,0.26
1995-11,593.72,-0.0084505160,0.0002085070,0.0001563803,0.0002606338,0.0002166667,-0.0082420090,-0.0082941358,-0.0081898823,0.26
1995-12,576.23,-0.0294583305,0.0002102840,0.0001577130,0.0002628550,0.0002166667,-0.0292480465,-0.0293006175,-0.0291954755,0.26
1996-01,591.82,0.0270551689,0.0001306619,0.0000979965,0.0001633274,0.0000916667,0.0271858309,0.0271531654,0.0272184964,0.11
1996-02,622.83,0.0523976885,0.0001272200,0.0000954150,0.0001590250,0.0000916667,0.0525249085,0.0524931035,0.0525567135,0.11
1996-03,609.69,-0.0210972497,0.0001208858,0.0000906644,0.0001511073,0.0000916667,-0.0209763638,-0.0210065853,-0.0209461423,0.11
1996-04,666.73,0.0935557414,0.0001234912,0.0000926184,0.0001543640,0.0000916667,0.0936792326,0.0936483598,0.0937101054,0.11
1996-05,692.39,0.0384863438,0.0001129263,0.0000846947,0.0001411578,0.0000916667,0.0385992701,0.0385710385,0.0386275016,0.11
1996-06,677.3,-0.0217940756,0.0001087412,0.0000815559,0.0001359265,0.0000916667,-0.0216853344,-0.0217125197,-0.0216581491,0.11
1996-07,636.01,-0.0609626458,0.0001111639,0.0000833730,0.0001389549,0.0000916667,-0.0608514819,-0.0608792728,-0.0608236909,0.11
1996-08,663.57,0.0433326520,0.0001183807,0.0000887856,0.0001479759,0.0000916667,0.0434510327,0.0434214376,0.0434806279,0.11
1996-09,737.57,0.1115180011,0.0001134640,0.0000850980,0.0001418301,0.0000916667,0.1116314652,0.1116030991,0.1116598312,0.11
1996-10,751.99,0.0195506867,0.0001020803,0.0000765602,0.0001276003,0.0000916667,0.0196527670,0.0196272469,0.0196782870,0.11
1996-11,834.01,0.1090705993,0.0001001228,0.0000750921,0.0001251535,0.0000916667,0.1091707221,0.1091456914,0.1091957528,0.11
1996-12,821.36,-0.0151676838,0.0000902763,0.0000677072,0.0001128454,0.0000916667,-0.0150774075,-0.0150999766,-0.0150548385,0.11
1997-01,921.55,0.1219806175,0.0001306816,0.0000980112,0.0001633520,0.0001083333,0.1221112991,0.1220786287,0.1221439696,0.13
1997-02,850.46,-0.0771417720,0.0001164741,0.0000873555,0.0001455926,0.0001083333,-0.0770252980,-0.0770544165,-0.0769961794,0.13
1997-03,797.06,-0.0627895492,0.0001262101,0.0000946576,0.0001577627,0.0001083333,-0.0626633391,-0.0626948916,-0.0626317865,0.13
1997-04,874.74,0.0974581587,0.0001346657,0.0001009993,0.0001683322,0.0001083333,0.0975928245,0.0975591580,0.0976264909,0.13
1997-05,958.85,0.0961542858,0.0001227069,0.0000920302,0.0001533837,0.0001083333,0.0962769928,0.0962463160,0.0963076695,0.13
1997-06,957.3,-0.0016165198,0.0001119431,0.0000839573,0.0001399289,0.0001083333,-0.0015045767,-0.0015325624,-0.0014765909,0.13
1997-07,1107.03,0.1564086493,0.0001121244,0.0000840933,0.0001401555,0.0001083333,0.1565207737,0.1564927426,0.1565488048,0.13
1997-08,1074.17,-0.0296830258,0.0000969591,0.0000727193,0.0001211989,0.0001083333,-0.0295860666,-0.0296103064,-0.0295618268,0.13
1997-09,1097.17,0.0214118808,0.0000999252,0.0000749439,0.0001249065,0.0001083333,0.0215118060,0.0214868247,0.0215367873,0.13
1997-10,1019.62,-0.0706818451,0.0000978305,0.0000733729,0.0001222881,0.0001083333,-0.0705840146,-0.0706084723,-0.0705595570,0.13
1997-11,1050.51,0.0302956003,0.0001052712,0.0000789534,0.0001315891,0.0001083333,0.0304008716,0.0303745538,0.0304271894,0.13
1997-12,990.8,-0.0568390591,0.0001021758,0.0000766318,0.0001277197,0.0001083333,-0.0567368834,-0.0567624273,-0.0567113394,0.13
1998-01,1071.13,0.0810758983,0.0001080951,0.0000810713,0.0001351188,0.0000583333,0.0811839933,0.0811569696,0.0812110171,0.07
1998-02,1194.13,0.1148319999,0.0000999884,0.0000749913,0.0001249855,0.0000583333,0.1149319883,0.1149069912,0.1149569854,0.07
1998-03,1220.66,0.0222170115,0.0000896892,0.0000672669,0.0001121115,0.0000583333,0.0223067008,0.0222842785,0.0223291231,0.07
1998-04,1248.12,0.0224960267,0.0000877399,0.0000658049,0.0001096749,0.0000583333,0.0225837666,0.0225618317,0.0226057016,0.07
1998-05,1192.07,-0.0449075409,0.0000858095,0.0000643571,0.0001072619,0.0000583333,-0.0448217314,-0.0448431838,-0.0448002790,0.07
1998-06,1337.34,0.1218636489,0.0000898442,0.0000673832,0.0001123053,0.0000583333,0.1219534932,0.1219310321,0.1219759542,0.07
1998-07,1377.26,0.0298502998,0.0000800848,0.0000600636,0.0001001060,0.0000583333,0.0299303846,0.0299103634,0.0299504058,0.07
1998-08,1140.34,-0.1720227118,0.0000777635,0.0000583226,0.0000972044,0.0000583333,-0.1719449482,-0.1719643891,-0.1719255074,0.07
1998-09,1345.48,0.1798937159,0.0000939199,0.0000704399,0.0001173998,0.0000583333,0.1799876358,0.1799641558,0.1800111157,0.07
1998-10,1400.52,0.0409073342,0.0000796003,0.0000597002,0.0000995003,0.0000583333,0.0409869345,0.0409670344,0.0410068345,0.07
1998-11,1557.96,0.1124153886,0.0000764720,0.0000573540,0.0000955900,0.0000583333,0.1124918606,0.1124727426,0.1125109786,0.07
1998-12,1836.01,0.1784705641,0.0000687441,0.0000515581,0.0000859301,0.0000583333,0.1785393082,0.1785221222,0.1785564942,0.07
1999-01,2127.19,0.1585939074,0.0000504875,0.0000378656,0.0000631093,0.0000250000,0.1586443949,0.1586317730,0.1586570168,0.03
1999-02,1925.28,-0.0949186485,0.0000435765,0.0000326824,0.0000544706,0.0000250000,-0.0948750720,-0.0948859662,-0.0948641779,0.03
1999-03,2106.39,0.0940694341,0.0000481465,0.0000361099,0.0000601831,0.0000250000,0.0941175806,0.0941055439,0.0941296172,0.03
