month,SPXTR,spx_tr,status,method
1984-12,150.17230747265955,,anchor_derived,"S&P price x CRSP dividend timing, dividend scaled per year to S&P annual TR 31.73/18.67/5.25; back-chained from SPXTR 1988-01=257.47"
1985-01,161.6255772045931,0.07626752178672302,constructed,"S&P price x CRSP dividend timing, dividend scaled per year to S&P annual TR 31.73/18.67/5.25; back-chained from SPXTR 1988-01=257.47"
1985-02,163.88116192033291,0.013955617388976771,constructed,"S&P price x CRSP dividend timing, dividend scaled per year to S&P annual TR 31.73/18.67/5.25; back-chained from SPXTR 1988-01=257.47"
1985-03,163.9514796715259,0.0004290776948918662,constructed,"S&P price x CRSP dividend timing, dividend scaled per year to S&P annual TR 31.73/18.67/5.25; back-chained from SPXTR 1988-01=257.47"
1985-04,163.4761081212415,-0.002899464837016419,constructed,"S&P price x CRSP dividend timing, dividend scaled per year to S&P annual TR 31.73/18.67/5.25; back-chained from SPXTR 1988-01=257.47"
1985-05,173.3030591569737,0.06011246015499738,constructed,"S&P price x CRSP dividend timing, dividend scaled per year to S&P annual TR 31.73/18.67/5.25; back-chained from SPXTR 1988-01=257.47"
1985-06,175.95300919119802,0.015290843953447375,constructed,"S&P price x CRSP dividend timing, dividend scaled per year to S&P annual TR 31.73/18.67/5.25; back-chained from SPXTR 1988-01=257.47"
1985-07,175.4333099847767,-0.002953624998004889,constructed,"S&P price x CRSP dividend timing, dividend scaled per year to S&P annual TR 31.73/18.67/5.25; back-chained from SPXTR 1988-01=257.47"
1985-08,174.27242770320453,-0.006617228402479136,constructed,"S&P price x CRSP dividend timing, dividend scaled per year to S&P annual TR 31.73/18.67/5.25; back-chained from SPXTR 1988-01=257.47"
1985-09,168.7272888254146,-0.03181879629997231,constructed,"S&P price x CRSP dividend timing, dividend scaled per year to S&P annual TR 31.73/18.67/5.25; back-chained from SPXTR 1988-01=257.47"
1985-10,176.31425919373933,0.04496587612555736,constructed,"S&P price x CRSP dividend timing, dividend scaled per year to S&P annual TR 31.73/18.67/5.25; back-chained from SPXTR 1988-01=257.47"
1985-11,188.7383079376626,0.0704653656529921,constructed,"S&P price x CRSP dividend timing, dividend scaled per year to S&P annual TR 31.73/18.67/5.25; back-chained from SPXTR 1988-01=257.47"
1985-12,197.8219806337343,0.04812839955665971,constructed,"S&P price x CRSP dividend timing, dividend scaled per year to S&P annual TR 31.73/18.67/5.25; back-chained from SPXTR 1988-01=257.47"
1986-01,198.61669768127697,0.004017334398314754,constructed,"S&P price x CRSP dividend timing, dividend scaled per year to S&P annual TR 31.73/18.67/5.25; back-chained from SPXTR 1988-01=257.47"
1986-02,213.7756633366342,0.0763227152214716,constructed,"S&P price x CRSP dividend timing, dividend scaled per year to S&P annual TR 31.73/18.67/5.25; back-chained from SPXTR 1988-01=257.47"
1986-03,225.57998986196577,0.05521828977671417,constructed,"S&P price x CRSP dividend timing, dividend scaled per year to S&P annual TR 31.73/18.67/5.25; back-chained from SPXTR 1988-01=257.47"
1986-04,222.74583450553138,-0.0125638597562161,constructed,"S&P price x CRSP dividend timing, dividend scaled per year to S&P annual TR 31.73/18.67/5.25; back-chained from SPXTR 1988-01=257.47"
1986-05,234.91411632097922,0.05462854936192163,constructed,"S&P price x CRSP dividend timing, dividend scaled per year to S&P annual TR 31.73/18.67/5.25; back-chained from SPXTR 1988-01=257.47"
1986-06,238.8518463194759,0.01676242390268401,constructed,"S&P price x CRSP dividend timing, dividend scaled per year to S&P annual TR 31.73/18.67/5.25; back-chained from SPXTR 1988-01=257.47"
1986-07,225.23872355230398,-0.05699400267127808,constructed,"S&P price x CRSP dividend timing, dividend scaled per year to S&P annual TR 31.73/18.67/5.25; back-chained from SPXTR 1988-01=257.47"
1986-08,242.2303744026566,0.07543840855769579,constructed,"S&P price x CRSP dividend timing, dividend scaled per year to S&P annual TR 31.73/18.67/5.25; back-chained from SPXTR 1988-01=257.47"
1986-09,222.06445530514176,-0.0832509925612932,constructed,"S&P price x CRSP dividend timing, dividend scaled per year to S&P annual TR 31.73/18.67/5.25; back-chained from SPXTR 1988-01=257.47"
1986-10,234.79831274006443,0.05734306923377219,constructed,"S&P price x CRSP dividend timing, dividend scaled per year to S&P annual TR 31.73/18.67/5.25; back-chained from SPXTR 1988-01=257.47"
1986-11,240.98890499797045,0.02636557386491689,constructed,"S&P price x CRSP dividend timing, dividend scaled per year to S&P annual TR 31.73/18.67/5.25; back-chained from SPXTR 1988-01=257.47"
1986-12,234.75534441805237,-0.025866587426382037,constructed,"S&P price x CRSP dividend timing, dividend scaled per year to S&P annual TR 31.73/18.67/5.25; back-chained from SPXTR 1988-01=257.47"
1987-01,266.01813001301775,0.13317177367128474,constructed,"S&P price x CRSP dividend timing, dividend scaled per year to S&P annual TR 31.73/18.67/5.25; back-chained from SPXTR 1988-01=257.47"
1987-02,276.8255747968987,0.04062672263485223,constructed,"S&P price x CRSP dividend timing, dividend scaled per year to S&P annual TR 31.73/18.67/5.25; back-chained from SPXTR 1988-01=257.47"
1987-03,284.77341803622613,0.02871065379403115,constructed,"S&P price x CRSP dividend timing, dividend scaled per year to S&P annual TR 31.73/18.67/5.25; back-chained from SPXTR 1988-01=257.47"
1987-04,282.05127151256323,-0.009558990942464263,constructed,"S&P price x CRSP dividend timing, dividend scaled per year to S&P annual TR 31.73/18.67/5.25; back-chained from SPXTR 1988-01=257.47"
1987-05,284.780589035692,0.00967667157993013,constructed,"S&P price x CRSP dividend timing, dividend scaled per year to S&P annual TR 31.73/18.67/5.25; back-chained from SPXTR 1988-01=257.47"
1987-06,299.08438828420253,0.05022743754040704,constructed,"S&P price x CRSP dividend timing, dividend scaled per year to S&P annual TR 31.73/18.67/5.25; back-chained from SPXTR 1988-01=257.47"
1987-07,314.0633273629422,0.05008265113626065,constructed,"S&P price x CRSP dividend timing, dividend scaled per year to S&P annual TR 31.73/18.67/5.25; back-chained from SPXTR 1988-01=257.47"
1987-08,326.1216484814803,0.03839455316157658,constructed,"S&P price x CRSP dividend timing, dividend scaled per year to S&P annual TR 31.73/18.67/5.25; back-chained from SPXTR 1988-01=257.47"
1987-09,318.89251601185714,-0.022166981257712104,constructed,"S&P price x CRSP dividend timing, dividend scaled per year to S&P annual TR 31.73/18.67/5.25; back-chained from SPXTR 1988-01=257.47"
1987-10,250.04861005933984,-0.21588435756817048,constructed,"S&P price x CRSP dividend timing, dividend scaled per year to S&P annual TR 31.73/18.67/5.25; back-chained from SPXTR 1988-01=257.47"
1987-11,229.71280125229003,-0.08132742190498021,constructed,"S&P price x CRSP dividend timing, dividend scaled per year to S&P annual TR 31.73/18.67/5.25; back-chained from SPXTR 1988-01=257.47"
1987-12,247.08,0.07560396570427019,constructed,"S&P price x CRSP dividend timing, dividend scaled per year to S&P annual TR 31.73/18.67/5.25; back-chained from SPXTR 1988-01=257.47"
1988-01,257.47,0.04205115751983168,repo_observed,"S&P price x CRSP dividend timing, dividend scaled per year to S&P annual TR 31.73/18.67/5.25; back-chained from SPXTR 1988-01=257.47"
