month,ndx_close_date,NDX,NDX_price_return,xndx_close_date,XNDX,XNDX_total_return
1985-01,1985-01-31,125.0,,,,
1985-02,1985-02-28,123.52,-0.011840000000000073,,,
1985-03,1985-03-29,117.36,-0.04987046632124348,,,
1985-04,1985-04-30,115.38,-0.016871165644171793,,,
1985-05,1985-05-31,119.64,0.03692147685907443,,,
1985-06,1985-06-28,122.14,0.020896021397526,,,
1985-07,1985-07-31,123.27,0.00925167840183394,,,
1985-08,1985-08-30,118.3,-0.04031800113571837,,,
1985-09,1985-09-30,110.62,-0.06491969568892642,,,
1985-10,1985-10-31,115.48,0.0439341891158922,,,
1985-11,1985-11-29,126.06,0.09161759612054032,,,
1985-12,1985-12-31,132.29,0.04942091067745502,,,
1986-01,1986-01-31,132.93,0.004837856224960468,,,
1986-02,1986-02-28,140.43,0.056420672534416516,,,
1986-03,1986-03-31,148.86,0.06002990813928655,,,
1986-04,1986-04-30,154.91,0.04064221416095659,,,
1986-05,1986-05-30,163.16,0.053256729714027395,,,
1986-06,1986-06-30,162.62,-0.003309634714390719,,,
1986-07,1986-07-31,144.71,-0.11013405485180172,,,
1986-08,1986-08-29,151.7,0.04830350355884172,,,
1986-09,1986-09-30,137.5,-0.09360580092287407,,,
1986-10,1986-10-31,144.48,0.050763636363636344,,,
1986-11,1986-11-28,147.94,0.023947951273532775,,,
1986-12,1986-12-31,141.41,-0.044139516020008096,,,
1987-01,1987-01-30,166.68,0.1787002333639771,,,
1987-02,1987-02-27,182.75,0.09641228701703852,,,
1987-03,1987-03-31,186.04,0.018002735978112083,,,
1987-04,1987-04-30,184.83,-0.006503977639217284,,,
1987-05,1987-05-29,188.77,0.021316885786939244,,,
1987-06,1987-06-30,189.24,0.002489802405043262,,,
1987-07,1987-07-31,196.35,0.037571337983512976,,,
1987-08,1987-08-31,209.57,0.06732874968169078,,,
1987-09,1987-09-30,205.5,-0.0194207186143055,,,
1987-10,1987-10-30,150.07,-0.2697323600973236,,,
1987-11,1987-11-30,137.13,-0.08622642766708866,,,
1987-12,1987-12-31,156.25,0.13942973820462345,,,
1988-01,1988-01-29,159.13,0.018432000000000004,,,
1988-02,1988-02-29,172.64,0.08489913906868596,,,
1988-03,1988-03-31,173.26,0.0035912882298425597,,,
1988-04,1988-04-29,175.92,0.015352649197737378,,,
1988-05,1988-05-31,173.34,-0.014665757162346416,,,
1988-06,1988-06-30,189.03,0.09051574939425411,,,
1988-07,1988-07-29,181.16,-0.041633603131777996,,,
1988-08,1988-08-31,171.0,-0.05608302053433423,,,
1988-09,1988-09-30,179.37,0.04894736842105263,,,
1988-10,1988-10-31,174.78,-0.025589563472152577,,,
1988-11,1988-11-30,169.19,-0.03198306442384713,,,
1988-12,1988-12-30,177.41,0.048584431704001396,,,
1989-01,1989-01-31,186.47,0.05106814722958131,,,
1989-02,1989-02-28,183.79,-0.014372285086072911,,,
1989-03,1989-03-31,185.87,0.011317264269002703,,,
1989-04,1989-04-28,200.47,0.07854952386076297,,,
1989-05,1989-05-31,214.54,0.07018506509702194,,,
1989-06,1989-06-30,204.59,-0.04637829775333269,,,
1989-07,1989-07-31,214.28,0.04736301872036752,,,
1989-08,1989-08-31,222.0,0.03602762740339749,,,
1989-09,1989-09-29,226.41,0.01986486486486494,,,
1989-10,1989-10-31,222.62,-0.016739543306391047,,,
1989-11,1989-11-30,224.44,0.008175366094690384,,,
1989-12,1989-12-29,223.84,-0.0026733202637675424,,,
1990-01,1990-01-31,201.94,-0.09783774124374556,,,
1990-02,1990-02-28,207.91,0.029563236604932097,,,
1990-03,1990-03-30,213.15,0.025203212928671004,,,
1990-04,1990-04-30,205.81,-0.03443584330283844,,,
1990-05,1990-05-31,236.15,0.14741752101452787,,,
1990-06,1990-06-29,238.46,0.009781918272284473,,,
1990-07,1990-07-31,223.38,-0.06323911767172696,,,
1990-08,1990-08-31,193.62,-0.13322589309696475,,,
1990-09,1990-09-28,177.06,-0.08552835450883178,,,
1990-10,1990-10-31,172.56,-0.02541511352084036,,,
1990-11,1990-11-30,192.66,0.11648122392211402,,,
1990-12,1990-12-31,200.53,0.04084916433094565,,,
1991-01,1991-01-31,232.43,0.15907844212835998,,,
1991-02,1991-02-28,250.12,0.07610893602374902,,,
1991-03,1991-03-28,264.9,0.0590916360147129,,,
1991-04,1991-04-30,263.65,-0.004718761796904447,,,
1991-05,1991-05-31,279.0,0.05822112649345734,,,
1991-06,1991-06-28,254.19,-0.08892473118279576,,,
1991-07,1991-07-31,272.15,0.07065580864707499,,,
1991-08,1991-08-30,287.4,0.056035274664707035,,,
1991-09,1991-09-30,287.54,0.00048712595685462823,,,
1991-10,1991-10-31,292.5,0.017249773944494562,,,
1991-11,1991-11-29,284.79,-0.026358974358974274,,,
1991-12,1991-12-31,330.86,0.16176832051687207,,,
1992-01,1992-01-31,338.31,0.022517076709182016,,,
1992-02,1992-02-28,345.88,0.022375927403860407,,,
1992-03,1992-03-31,323.05,-0.06600555105817041,,,
1992-04,1992-04-30,307.86,-0.04702058504875406,,,
1992-05,1992-05-29,315.3,0.024166829078152485,,,
1992-06,1992-06-30,301.23,-0.044624167459562325,,,
1992-07,1992-07-31,310.89,0.032068519071805524,,,
1992-08,1992-08-31,299.26,-0.037408729775804894,,,
1992-09,1992-09-30,313.19,0.04654815210853447,,,
1992-10,1992-10-30,329.15,0.05095948146492546,,,
1992-11,1992-11-30,350.96,0.0662615828649551,,,
1992-12,1992-12-31,360.19,0.026299293366765397,,,
1993-01,1993-01-29,370.56,0.028790360642994006,,,
1993-02,1993-02-26,351.14,-0.05240716753022456,,,
1993-03,1993-03-31,359.42,0.023580338326593564,,,
1993-04,1993-04-30,339.94,-0.05419843080518616,,,
1993-05,1993-05-28,368.11,0.08286756486438795,,,
1993-06,1993-06-30,366.13,-0.00537882698106551,,,
1993-07,1993-07-30,352.87,-0.03621664436129246,,,
1993-08,1993-08-31,372.65,0.05605463768526642,,,
1993-09,1993-09-30,382.71,0.026995840601100163,,,
1993-10,1993-10-29,390.99,0.021635180685114053,,,
1993-11,1993-11-30,386.76,-0.010818691015115567,,,
1993-12,1993-12-31,398.28,0.029785913744958092,,,
1994-01,1994-01-31,414.0,0.03946971979511904,,,
1994-02,1994-02-28,412.17,-0.004420289855072479,,,
1994-03,1994-03-31,382.96,-0.07086881626513342,,,
1994-04,1994-04-29,373.25,-0.02535512847294752,,,
1994-05,1994-05-31,378.85,0.015003348961821983,,,
1994-06,1994-06-30,360.3,-0.04896396990893492,,,
1994-07,1994-07-29,370.16,0.02736608381903971,,,
1994-08,1994-08-31,397.9,0.07494056624162515,,,
1994-09,1994-09-30,393.85,-0.010178436793163992,,,
1994-10,1994-10-31,413.05,0.048749523930430305,,,
1994-11,1994-11-30,404.82,-0.019924948553443955,,,
1994-12,1994-12-30,404.27,-0.0013586285262585651,,,
1995-01,1995-01-31,405.33,0.002622010042793166,,,
1995-02,1995-02-28,432.5,0.0670318012483655,,,
1995-03,1995-03-31,447.15,0.03387283236994221,,,
1995-04,1995-04-28,469.56,0.05011741026501171,,,
1995-05,1995-05-31,488.1,0.03948377204191167,,,
1995-06,1995-06-30,538.03,0.10229461175988508,,,
1995-07,1995-07-31,568.88,0.05733881010352593,,,
1995-08,1995-08-31,576.77,0.01386935733370831,,,
1995-09,1995-09-29,585.08,0.014407822875669885,,,
1995-10,1995-10-31,598.78,0.023415601285294185,,,
1995-11,1995-11-30,593.72,-0.008450516049300139,,,
1995-12,1995-12-29,576.23,-0.02945833052617397,,,
1996-01,1996-01-31,591.82,0.027055168942956787,,,
1996-02,1996-02-29,622.83,0.05239768848636417,,,
1996-03,1996-03-29,609.69,-0.02109724965078752,,,
1996-04,1996-04-30,666.73,0.09355574144237222,,,
1996-05,1996-05-31,692.39,0.038486343797339284,,,
1996-06,1996-06-28,677.3,-0.021794075593235096,,,
1996-07,1996-07-31,636.01,-0.06096264579949795,,,
1996-08,1996-08-30,663.57,0.043332652002327166,,,
1996-09,1996-09-30,737.57,0.11151800111517995,,,
1996-10,1996-10-31,751.99,0.019550686714481236,,,
1996-11,1996-11-29,834.01,0.10907059934307628,,,
1996-12,1996-12-31,821.36,-0.015167683840721313,,,
1997-01,1997-01-31,921.55,0.12198061751241829,,,
1997-02,1997-02-28,850.46,-0.07714177201454064,,,
1997-03,1997-03-31,797.06,-0.06278954918514701,,,
1997-04,1997-04-30,874.74,0.09745815873334518,,,
1997-05,1997-05-30,958.85,0.0961542858449369,,,
1997-06,1997-06-30,957.3,-0.0016165197893310834,,,
1997-07,1997-07-31,1107.03,0.15640864932623,,,
1997-08,1997-08-29,1074.17,-0.02968302575359283,,,
1997-09,1997-09-30,1097.17,0.021411880800990435,,,
1997-10,1997-10-31,1019.62,-0.07068184511060283,,,
1997-11,1997-11-28,1050.51,0.030295600321688543,,,
1997-12,1997-12-31,990.8,-0.056839059123663827,,,
1998-01,1998-01-30,1071.13,0.08107589826402917,,,
1998-02,1998-02-27,1194.13,0.11483199985062509,,,
1998-03,1998-03-31,1220.66,0.022217011548156362,,,
1998-04,1998-04-30,1248.12,0.02249602673963258,,,
1998-05,1998-05-29,1192.07,-0.04490754094157612,,,
1998-06,1998-06-30,1337.34,0.12186364894679014,,,
1998-07,1998-07-31,1377.26,0.029850299848954043,,,
1998-08,1998-08-31,1140.34,-0.1720227117610328,,,
1998-09,1998-09-30,1345.48,0.17989371590929037,,,
1998-10,1998-10-30,1400.52,0.040907334185569466,,,
1998-11,1998-11-30,1557.96,0.1124153885699597,,,
1998-12,1998-12-31,1836.01,0.1784705640709645,,,
1999-01,1999-01-29,2127.19,0.15859390744059132,,,
1999-02,1999-02-26,1925.28,-0.09491864854573406,,,
1999-03,1999-03-31,2106.39,0.09406943405634505,1999-03-31,2106.66,
1999-04,1999-04-30,2136.39,0.014242376767835019,1999-04-30,2136.74,0.014278526197867736
1999-05,1999-05-28,2089.7,-0.021854623921662264,1999-05-28,2090.22,-0.02177148366202719
1999-06,1999-06-30,2296.77,0.09909077858065762,1999-06-30,2297.38,0.09910918467912477
1999-07,1999-07-30,2270.93,-0.011250582339546455,1999-07-30,2271.66,-0.01119536167286228
1999-08,1999-08-31,2396.87,0.05545745575601191,1999-08-31,2397.8,0.055527675796554155
1999-09,1999-09-30,2407.9,0.004601834893006362,1999-09-30,2408.88,0.00462090249395275
1999-10,1999-10-29,2637.44,0.09532787906474516,1999-10-29,2638.59,0.09535966922387162
1999-11,1999-11-30,2966.71,0.1248445462266441,1999-11-30,2968.11,0.1248848816981798
1999-12,1999-12-31,3707.82,0.24980871065928256,1999-12-31,3709.96,0.24994019763418462
2000-01,2000-01-31,3570.05,-0.03715660415014754,2000-01-31,3572.17,-0.03714056216239525
2000-02,2000-02-29,4266.93,0.1952017478746797,2000-02-29,4269.69,0.19526506297292667
2000-03,2000-03-31,4397.84,0.030680137710250577,2000-03-31,4400.69,0.030681384362799102
2000-04,2000-04-28,3773.18,-0.14203790951921857,2000-04-28,3775.79,-0.14200045901892655
2000-05,2000-05-31,3324.08,-0.11902427130431092,2000-05-31,3326.5,-0.11899231683965472
2000-06,2000-06-30,3763.79,0.1322802098625786,2000-06-30,3766.54,0.13228318052006616
2000-07,2000-07-31,3609.34,-0.04103576448207791,2000-07-31,3612.07,-0.04101111364806953
2000-08,2000-08-31,4077.59,0.12973285974721138,2000-08-31,4080.83,0.12977600101880626
2000-09,2000-09-29,3570.61,-0.12433324586336536,2000-09-29,3573.46,-0.12433009951406937
2000-10,2000-10-31,3282.3,-0.08074530682432413,2000-10-31,3284.99,-0.08072568323137808
2000-11,2000-11-30,2506.54,-0.23634646436949702,2000-11-30,2508.69,-0.23631730994614897
2000-12,2000-12-29,2341.7,-0.06576396147677677,2000-12-29,2343.85,-0.06570760038107548
2001-01,2001-01-31,2592.99,0.10731092795832087,2001-01-31,2595.52,0.1073746186829363
2001-02,2001-02-28,1908.32,-0.2640465254397433,2001-02-28,1910.26,-0.26401645912957716
2001-03,2001-03-30,1573.25,-0.17558375953718453,2001-03-30,1574.93,-0.1755415493178939
2001-04,2001-04-30,1855.15,0.17918321945018278,2001-04-30,1857.2,0.17922701326408164
2001-05,2001-05-31,1799.89,-0.02978734873190847,2001-05-31,1801.99,-0.02972754684471246
2001-06,2001-06-29,1830.19,0.016834362099906075,2001-06-29,1832.33,0.016836941381472625
2001-07,2001-07-31,1683.61,-0.08009004529584374,2001-07-31,1685.68,-0.08003470990487516
2001-08,2001-08-31,1469.7,-0.1270543653221351,2001-08-31,1471.62,-0.12698732855583517
2001-09,2001-09-28,1168.37,-0.20502823705518147,2001-09-28,1169.91,-0.205018958698577
2001-10,2001-10-31,1364.78,0.16810599382045077,2001-10-31,1366.66,0.1681753297262183
2001-11,2001-11-30,1596.05,0.16945588299945769,2001-11-30,1598.36,0.1695374123776212
2001-12,2001-12-31,1577.05,-0.011904388960245593,2001-12-31,1579.37,-0.011880927951149922
2002-01,2002-01-31,1550.17,-0.017044481785612353,2002-01-31,1552.54,-0.016987786269208605
2002-02,2002-02-28,1359.22,-0.12318003831837798,2002-02-28,1361.46,-0.12307573395854532
2002-03,2002-03-28,1452.81,0.06885566722090597,2002-03-28,1455.2,0.06885255534499723
2002-04,2002-04-30,1277.07,-0.1209655770541227,2002-04-30,1279.26,-0.12090434304562947
2002-05,2002-05-31,1208.34,-0.05381850642486319,2002-05-31,1210.53,-0.05372637305942496
2002-06,2002-06-28,1051.41,-0.1298723869109687,2002-06-28,1053.31,-0.1298769960265339
2002-07,2002-07-31,962.11,-0.08493356540264985,2002-07-31,963.97,-0.08481833458336097
2002-08,2002-08-30,942.38,-0.020507010632879852,2002-08-30,944.32,-0.020384451798292402
2002-09,2002-09-30,832.52,-0.11657717693499436,2002-09-30,834.24,-0.11657065401558797
2002-10,2002-10-31,989.54,0.18860808148753172,2002-10-31,991.67,0.18871068277713832
2002-11,2002-11-29,1116.1,0.12789781110414933,2002-11-29,1118.63,0.12802646041525922
2002-12,2002-12-31,984.36,-0.11803601827793198,2002-12-31,986.72,-0.11792102840081176
2003-01,2003-01-31,983.05,-0.0013308139298631172,2003-01-31,985.48,-0.0012566888276309696
2003-02,2003-02-28,1009.74,0.02715019581913447,2003-02-28,1012.85,0.027773267849170002
2003-03,2003-03-31,1018.66,0.00883395725632341,2003-03-31,1021.89,0.008925309769462375
2003-04,2003-04-30,1106.06,0.08579899083109188,2003-04-30,1109.64,0.0858702991515723
2003-05,2003-05-30,1197.89,0.08302442905448171,2003-05-30,1201.99,0.08322519015176089
2003-06,2003-06-30,1201.69,0.003172244529965118,2003-06-30,1205.88,0.003236299802827025
2003-07,2003-07-31,1276.94,0.06262014329818832,2003-07-31,1281.55,0.06275085414800796
2003-08,2003-08-29,1341.2,0.0503234294485253,2003-08-29,1346.34,0.05055596738324675
2003-09,2003-09-30,1303.7,-0.02796003578884576,2003-09-30,1308.74,-0.027927566587934605
2003-10,2003-10-31,1416.39,0.08643859783692576,2003-10-31,1422.73,0.08709904182648964
2003-11,2003-11-28,1424.25,0.005549319043483658,2003-11-28,1430.93,0.0057635672263887106
2003-12,2003-12-31,1467.92,0.030661751799192505,2003-12-31,1475.03,0.03081911763678158
2004-01,2004-01-30,1493.08,0.017139898632077877,2004-01-30,1500.44,0.017226768269120063
2004-02,2004-02-27,1470.38,-0.015203472017574327,2004-02-27,1478.07,-0.014908960038388819
2004-03,2004-03-31,1438.41,-0.021742678763312928,2004-03-31,1445.96,-0.021724275575581653
2004-04,2004-04-30,1401.36,-0.025757607358124712,2004-04-30,1408.91,-0.025623115438877964
2004-05,2004-05-28,1466.22,0.046283610207227266,2004-05-28,1474.61,0.04663179337218115
2004-06,2004-06-30,1516.64,0.03438774535881395,2004-06-30,1525.39,0.03443622381511058
2004-07,2004-07-30,1400.39,-0.07664969933537291,2004-07-30,1408.71,-0.07649191354342177
2004-08,2004-08-31,1368.68,-0.022643692114339586,2004-08-31,1377.7,-0.02201304739797405
2004-09,2004-09-30,1412.74,0.03219160066633542,2004-09-30,1422.07,0.032205850330260466
2004-10,2004-10-29,1486.72,0.05236632359811422,2004-10-29,1496.68,0.052465771727130184
2004-11,2004-11-30,1571.5,0.0570248600947052,2004-11-30,1582.85,0.057574097335435725
2004-12,2004-12-31,1621.12,0.03157492841234477,2004-12-31,1633.53,0.03201819502795589
2005-01,2005-01-31,1519.63,-0.0626048657718119,2005-01-31,1531.39,-0.06252716509644751
2005-02,2005-02-28,1511.02,-0.005665852872080768,2005-02-28,1523.98,-0.0048387412742672
2005-03,2005-03-31,1482.53,-0.018854813304919893,2005-03-31,1495.38,-0.018766650480977365
2005-04,2005-04-29,1420.79,-0.04164502573303741,2005-04-29,1433.32,-0.04150115689657485
2005-05,2005-05-31,1542.63,0.08575510807367737,2005-05-31,1557.39,0.08656127033739858
2005-06,2005-06-30,1493.52,-0.03183524241068836,2005-06-30,1507.9,-0.031777525218474545
2005-07,2005-07-29,1605.14,0.07473619369007456,2005-07-29,1620.78,0.07485907553551296
2005-08,2005-08-31,1581.71,-0.014596857594976198,2005-08-31,1598.34,-0.013845185651353065
2005-09,2005-09-30,1601.66,0.012612931574055963,2005-09-30,1618.53,0.012631855550133242
2005-10,2005-10-31,1579.18,-0.014035438232833486,2005-10-31,1595.96,-0.013944752336997102
2005-11,2005-11-30,1672.56,0.05913195455869502,2005-11-30,1691.42,0.05981352916113192
2005-12,2005-12-30,1645.2,-0.0163581575548859,2005-12-30,1664.48,-0.015927445578271526
2006-01,2006-01-31,1710.75,0.03984318016046684,2006-01-31,1731.0,0.03996443333653743
2006-02,2006-02-28,1670.57,-0.023486774806371513,2006-02-28,1691.63,-0.022744078567302095
2006-03,2006-03-31,1703.66,0.019807610576030976,2006-03-31,1725.36,0.019939348439079296
2006-04,2006-04-28,1700.71,-0.0017315661575666441,2006-04-28,1722.59,-0.0016054620484999838
2006-05,2006-05-31,1579.582487,-0.07122173268811272,2006-05-31,1601.24,-0.07044624664023358
2006-06,2006-06-30,1575.226957,-0.0027573931946232033,2006-06-30,1596.95,-0.0026791736404286892
2006-07,2006-07-31,1509.433386,-0.04176767716399621,2006-07-31,1530.51,-0.04160430821253014
2006-08,2006-08-31,1579.73,0.046571524554843924,2006-08-31,1603.28,0.047546242755682755
2006-09,2006-09-29,1654.13,0.04709665575762956,2006-09-29,1678.86,0.047140861234469256
2006-10,2006-10-31,1732.54,0.04740256207190474,2006-10-31,1758.64,0.047520341183898696
2006-11,2006-11-30,1791.25,0.03388666351137637,2006-11-30,1819.51,0.03461197288814066
2006-12,2006-12-29,1756.9,-0.01917655268667129,2006-12-29,1785.66,-0.018603909843858957
2007-01,2007-01-31,1792.28,0.02013774261483281,2007-01-31,1821.83,0.02025581577679958
2007-02,2007-02-28,1761.65,-0.01708996362175541,2007-02-28,1792.21,-0.016258377565414928
2007-03,2007-03-30,1772.36,0.006079527715493915,2007-03-30,1803.36,0.006221369147588751
2007-04,2007-04-30,1867.75,0.05382089417499847,2007-04-30,1900.74,0.05399920149055104
2007-05,2007-05-31,1928.19,0.03235979119261145,2007-05-31,1963.78,0.033166030072498076
2007-06,2007-06-29,1934.1,0.0030650506433493874,2007-06-29,1969.94,0.0031368075853710486
2007-07,2007-07-31,1932.06,-0.0010547541492166301,2007-07-31,1968.06,-0.0009543437871204485
2007-08,2007-08-31,1988.73,0.029331387223999306,2007-08-31,2027.68,0.03029379185593939
2007-09,2007-09-28,2091.11,0.05148009030889056,2007-09-28,2132.17,0.05153179988952883
2007-10,2007-10-31,2238.98,0.0707136401241446,2007-10-31,2283.14,0.0708057987871511
2007-11,2007-11-30,2089.1,-0.06694119643766361,2007-11-30,2132.44,-0.06600558879437957
2007-12,2007-12-31,2084.93,-0.0019960748647743776,2007-12-31,2129.17,-0.0015334546341280175
2008-01,2008-01-31,1841.42,-0.11679528809120676,2008-01-31,1880.67,-0.11671214604752089
2008-02,2008-02-29,1745.27,-0.052215138317168286,2008-02-29,1784.2,-0.05129554892671229
2008-03,2008-03-31,1781.93,0.021005345877715298,2008-03-31,1822.09,0.021236408474386126
2008-04,2008-04-30,1917.7,0.07619266750096809,2008-04-30,1961.08,0.07628053499003884
2008-05,2008-05-30,2032.57,0.05989988006466063,2008-05-30,2080.4,0.0608440247210722
2008-06,2008-06-30,1837.09,-0.09617380951209553,2008-06-30,1880.46,-0.09610651797731207
2008-07,2008-07-31,1849.15,0.0065647300894349225,2008-07-31,1893.07,0.0067058060261850905
2008-08,2008-08-29,1872.54,0.012649054971202833,2008-08-29,1918.71,0.013544137300786518
2008-09,2008-09-30,1594.63,-0.14841338502782309,2008-09-30,1634.07,-0.14834967243616815
2008-10,2008-10-31,1334.78,-0.16295316154844708,2008-10-31,1368.05,-0.162795963453218
2008-11,2008-11-28,1185.75,-0.11165135827627026,2008-11-28,1216.88,-0.11050034720953172
2008-12,2008-12-31,1211.65,0.021842715580856042,2008-12-31,1244.0,0.02228650318848202
2009-01,2009-01-30,1180.25,-0.025915074485206246,2009-01-30,1211.97,-0.02574758842443725
2009-02,2009-02-27,1116.99,-0.05359881381063336,2009-02-27,1148.86,-0.052072246012690226
2009-03,2009-03-31,1237.01,0.10744948477604988,2009-03-31,1272.73,0.10781992583952804
2009-04,2009-04-30,1394.33,0.12717762993023496,2009-04-30,1434.97,0.12747401255568747
2009-05,2009-05-29,1435.57,0.02957692942129908,2009-05-29,1479.32,0.03090656947531989
2009-06,2009-06-30,1477.25,0.029033763592162032,2009-06-30,1522.61,0.029263445366790153
2009-07,2009-07-31,1603.36,0.0853680825858858,2009-07-31,1652.98,0.08562271362988572
2009-08,2009-08-31,1625.19,0.01361515816784764,2009-08-31,1677.33,0.014730970731648307
2009-09,2009-09-30,1718.99,0.05771632855235387,2009-09-30,1774.55,0.05796116446972266
2009-10,2009-10-30,1667.13,-0.03016887823663894,2009-10-30,1721.42,-0.029939984784874918
2009-11,2009-11-30,1767.43,0.060163274609658535,2009-11-30,1826.95,0.061304039688164336
2009-12,2009-12-31,1860.31,0.05255087895984567,2009-12-31,1923.39,0.05278743260625629
2010-01,2010-01-29,1741.04,-0.06411297041890862,2010-01-29,1800.43,-0.06392879239259852
2010-02,2010-02-26,1818.68,0.044594035748747984,2010-02-26,1882.99,0.045855712246518854
2010-03,2010-03-31,1958.34,0.0767919590032331,2010-03-31,2028.01,0.07701580996181612
2010-04,2010-04-30,2000.63,0.021594820102740275,2010-04-30,2072.62,0.02199693295397953
2010-05,2010-05-28,1852.39,-0.0740966595522411,2010-05-28,1921.24,-0.07303799056266946
2010-06,2010-06-30,1739.14,-0.06113723351993905,2010-06-30,1804.66,-0.060679561116778746
2010-07,2010-07-30,1864.0,0.07179410513242179,2010-07-30,1934.65,0.07203018851196341
2010-08,2010-08-31,1767.43,-0.051807939914163104,2010-08-31,1836.58,-0.050691339518776135
2010-09,2010-09-30,1998.04,0.13047758609959081,2010-09-30,2076.64,0.13071034204880805
2010-10,2010-10-29,2124.45,0.06326700166162835,2010-10-29,2208.62,0.06355458818090765
2010-11,2010-11-30,2117.33,-0.0033514556708794663,2010-11-30,2205.19,-0.0015530059494163195
2010-12,2010-12-31,2217.86,0.047479608752532876,2010-12-31,2310.84,0.04790970392573879
2011-01,2011-01-31,2281.91,0.028879189849674747,2011-01-31,2377.99,0.02905869727025645
2011-02,2011-02-28,2350.99,0.030272885433693775,2011-02-28,2452.43,0.031303748123415076
2011-03,2011-03-31,2338.99,-0.005104232684953969,2011-03-31,2440.7,-0.004783011135893744
2011-04,2011-04-29,2404.08,0.02782825065519745,2011-04-29,2509.3,0.028106690703486814
2011-05,2011-05-31,2372.54,-0.013119363748294588,2011-05-31,2480.0,-0.011676563184952027
2011-06,2011-06-30,2325.07,-0.020008092592748605,2011-06-30,2431.68,-0.019483870967741956
2011-07,2011-07-29,2362.81,0.016231769366083615,2011-07-29,2472.19,0.01665926437689169
2011-08,2011-08-31,2241.01,-0.05154879148132929,2011-08-31,2348.88,-0.04987885235358125
2011-09,2011-09-30,2139.18,-0.04543933315781745,2011-09-30,2242.64,-0.04523006709580746
2011-10,2011-10-31,2360.08,0.10326386746323357,2011-10-31,2475.44,0.10380622837370246
2011-11,2011-11-30,2295.2,-0.027490593539202135,2011-11-30,2412.78,-0.025312671686649635
2011-12,2011-12-30,2277.83,-0.0075679679330776795,2011-12-30,2395.4,-0.007203309045996753
2012-01,2012-01-31,2467.95,0.08346540347611531,2012-01-31,2596.21,0.08383151039492365
2012-02,2012-02-29,2623.1,0.06286594136834212,2012-02-29,2764.26,0.06472897030671643
2012-03,2012-03-30,2755.27,0.05038694674240407,2012-03-30,2904.28,0.05065370117138035
2012-04,2012-04-30,2723.68,-0.011465301041277298,2012-04-30,2872.4,-0.010976903053424691
2012-05,2012-05-31,2524.87,-0.0729931563179228,2012-05-31,2667.41,-0.0713654087174489
2012-06,2012-06-29,2615.72,0.035982050561018886,2012-06-29,2765.21,0.03666477969266069
2012-07,2012-07-31,2642.53287032437,0.010250665332822262,2012-07-31,2794.68815136539,0.010660366252613684
2012-08,2012-08-31,2772.23603338879,0.04908289486991291,2012-08-31,2938.35724484675,0.05140791591046323
2012-09,2012-09-28,2799.19271081298,0.00972380313202903,2012-09-28,2968.68363929891,0.010320867044109727
2012-10,2012-10-31,2647.91887649422,-0.05404195064327133,2012-10-31,2809.95163633277,-0.053468817244408884
2012-11,2012-11-30,2677.87870669705,0.011314481900780882,2012-11-30,2850.04713077014,0.014269104819789158
2012-12,2012-12-31,2660.93082508636,-0.006328845876516054,2012-12-31,2834.96688159891,-0.005291227997045511
2013-01,2013-01-31,2731.5333552555,0.026533019762679633,2013-01-31,2910.51260772745,0.026647833743275617
2013-02,2013-02-28,2738.58383380721,0.0025811431290578835,2013-02-28,2924.75555089947,0.004893620159625911
2013-03,2013-03-28,2818.68958675681,0.029250794502148292,2013-03-28,3012.23515176632,0.029910055505304234
2013-04,2013-04-30,2887.44229193787,0.024391726390903035,2013-04-30,3087.3857727031,0.02494845759060782
2013-05,2013-05-31,2981.7564461742,0.03266356335489995,2013-05-31,3195.53511309032,0.03502942241407436
2013-06,2013-06-28,2909.59927573407,-0.024199552090417242,2013-06-28,3121.06219528715,-0.023305304172091867
2013-07,2013-07-31,3090.18526013764,0.062065586113403626,2013-07-31,3317.22481677848,0.06285123756506295
2013-08,2013-08-30,3073.81242689218,-0.005298333875532912,2013-08-30,3307.75151883604,-0.002855790145583237
2013-09,2013-09-30,3218.19795020215,0.046972782739366004,2013-09-30,3464.82267360304,0.04748577814039434
2013-10,2013-10-31,3377.73117430111,0.04957222227083302,2013-10-31,3638.48146508727,0.050120542331721474
2013-11,2013-11-29,3487.82031415884,0.032592629246319005,2013-11-29,3767.24073747978,0.03538818972365476
2013-12,2013-12-31,3591.99600517458,0.029868422576942333,2013-12-31,3881.55262582561,0.030343664318703167
2014-01,2014-01-31,3521.92194127666,-0.019508391378212142,2014-01-31,3807.4338457945,-0.01909513722368894
2014-02,2014-02-28,3696.09840901215,0.04945494836048314,2014-02-28,4004.13929857162,0.0516635247633761
2014-03,2014-03-31,3595.73606418844,-0.0271535910891868,2014-03-31,3897.71533746775,-0.02657848620347303
2014-04,2014-04-30,3582.01969251255,-0.0038146213823916364,2014-04-30,3884.6556358952,-0.00335060424936906
2014-05,2014-05-30,3736.82117562896,0.04321625686201269,2014-05-30,4061.47826291049,0.04551822441644604
2014-06,2014-06-30,3849.4784319515,0.030147885335609637,2014-06-30,4186.87378218764,0.030874354400038273
2014-07,2014-07-31,3892.49592890648,0.011174889719585135,2014-07-31,4235.8308338982,0.011692984851570998
2014-08,2014-08-29,4082.55878891847,0.048828017673838486,2014-08-29,4451.77881596717,0.05098125740546511
2014-09,2014-09-30,4049.44487830215,-0.008111067673098327,2014-09-30,4418.34996966926,-0.007509098650187007
2014-10,2014-10-31,4158.21065052662,0.026859427771757538,2014-10-31,4538.27713208253,0.027142974919718288
2014-11,2014-11-28,4337.78476696347,0.04318543035190103,2014-11-28,4744.27820874923,0.04539191210038984
2014-12,2014-12-31,4236.27877328347,-0.023400421904993696,2014-12-31,4634.70535473002,-0.023095790170386543
2015-01,2015-01-30,4148.4302166203,-0.020737199170459908,2015-01-30,4540.82793195526,-0.02025531626923205
2015-02,2015-02-27,4440.67243458824,0.07044645871035726,2015-02-27,4869.76890724445,0.0724407487397456
2015-03,2015-03-31,4333.68836723026,-0.024091861972228568,2015-03-31,4756.38206769135,-0.023283823465302667
2015-04,2015-04-30,4414.2521618898,0.018590121816034033,2015-04-30,4846.14145783777,0.01887135828640174
2015-05,2015-05-29,4508.25285391097,0.021294817009485767,2015-05-29,4958.30337676677,0.023144582118542756
2015-06,2015-06-30,4396.76117465633,-0.024730573654030863,2015-06-30,4839.37591953651,-0.02398551443776542
2015-07,2015-07-31,4588.90707127864,0.04370169062851792,2015-07-31,5053.31514654999,0.04420801991219747
2015-08,2015-08-31,4274.58416960398,-0.06849624470322468,2015-08-31,4716.64260442049,-0.06662409376137035
2015-09,2015-09-30,4181.05986460319,-0.02187915860116374,2015-09-30,4615.55399732353,-0.021432322856562935
2015-10,2015-10-30,4648.83065011318,0.11187851900187606,2015-10-30,5134.465450036,0.11242668876008755
2015-11,2015-11-30,4664.50969646298,0.0033726860644875956,2015-11-30,5162.98782855881,0.005555082374273157
2015-12,2015-12-31,4593.27047901359,-0.015272605715325072,2015-12-31,5086.63222715733,-0.014789033779844085
2016-01,2016-01-29,4279.16940332937,-0.06838288254944525,2016-01-29,4741.11396833815,-0.06792672310265946
2016-02,2016-02-29,4201.117820329,-0.018239890886217802,2016-02-29,4665.37692444041,-0.015974525059621603
2016-03,2016-03-31,4483.65516650001,0.06725289750357044,2016-03-31,4981.94126721996,0.06785396933764787
2016-04,2016-04-29,4341.29912504397,-0.03174999775175935,2016-04-29,4826.40218645273,-0.031220576964774982
2016-05,2016-05-31,4523.8928337975,0.04205969307670809,2016-05-31,5041.31987026781,0.04452958446321231
2016-06,2016-06-30,4417.69853000143,-0.0234740980163598,2016-06-30,4925.19181934188,-0.023035247497548927
2016-07,2016-07-29,4730.23079884261,0.07074549490389925,2016-07-29,5276.4028047307,0.07130909785271067
2016-08,2016-08-31,4771.05458529784,0.008630400543081063,2016-08-31,5333.28698831131,0.01078086448017368
2016-09,2016-09-30,4875.69695708434,0.021932755099671075,2016-09-30,5452.5216161178,0.022356686986432672
2016-10,2016-10-31,4801.27071159282,-0.015264739820094797,2016-10-31,5371.54420865715,-0.014851368442314494
2016-11,2016-11-30,4810.81383420883,0.001987624358061657,2016-11-30,5394.74387450751,0.004318993747267186
2016-12,2016-12-30,4863.61956953382,0.010976466174911659,2016-12-30,5456.6406181668,0.011473527770572867
2017-01,2017-01-31,5116.76760416182,0.05204930834100252,2017-01-31,5742.89014440899,0.0524589296368867
2017-02,2017-02-28,5330.30509733761,0.041732888748378105,2017-02-28,5993.80953988769,0.04369218096971328
2017-03,2017-03-31,5436.23245595408,0.019872663324540074,2017-03-31,6116.52183655181,0.020473172503645998
2017-04,2017-04-28,5583.52963380939,0.027095452420174082,2017-04-28,6285.19565242295,0.02757675364831691
2017-05,2017-05-31,5788.80157613024,0.03676383144416162,2017-05-31,6529.02028380526,0.0387934831095218
2017-06,2017-06-30,5646.91767508938,-0.02451006467831085,2017-06-30,6372.50083751192,-0.023972884060656896
2017-07,2017-07-31,5880.32658866995,0.04133386158792818,2017-07-31,6638.30214841615,0.04171067492680147
2017-08,2017-08-31,5988.60397717656,0.018413499126942234,2017-08-31,6773.28083870174,0.020333315246549244
2017-09,2017-09-29,5979.29846688572,-0.0015538697042424277,2017-09-29,6765.48120938114,-0.0011515290014307844
2017-10,2017-10-31,6248.55714948895,0.04503181838043813,2017-10-31,7073.45485507788,0.045521321568331
2017-11,2017-11-30,6365.56374173115,0.018725377626060302,2017-11-30,7219.39653908675,0.020632305853214294
2017-12,2017-12-29,6396.4221665775,0.004847712802567683,2017-12-29,7256.86843717269,0.005190447412475985
2018-01,2018-01-31,6949.98684252214,0.08654286123219301,2018-01-31,7888.24041187837,0.08700336518043095
2018-02,2018-02-28,6854.41735463393,-0.013751031484475207,2018-02-28,7792.3354959283,-0.012157960577070304
2018-03,2018-03-29,6581.12622060129,-0.03987080445982494,2018-03-29,7485.67765235305,-0.03935377830375586
2018-04,2018-04-30,6605.56958973691,0.003714162031887902,2018-04-30,7516.38930493846,0.004102721759032146
2018-05,2018-05-31,6967.72942725367,0.05482643587306213,2018-05-31,7943.13351867454,0.056775161107700756
2018-06,2018-06-29,7040.801687649,0.010487241383041468,2018-06-29,8029.89195082103,0.010922444139018772
2018-07,2018-07-31,7231.98321694363,0.027153375109258082,2018-07-31,8251.50985466718,0.02759911406074278
2018-08,2018-08-31,7654.5535572866,0.05843076894218169,2018-08-31,8746.93357260588,0.06004037160041453
2018-09,2018-09-28,7627.64991561425,-0.003514723813871523,2018-09-28,8721.54524267123,-0.00290254061310824
2018-10,2018-10-31,6967.09572325325,-0.08659996193700581,2018-10-31,7969.75453900237,-0.0861992551492633
2018-11,2018-11-30,6949.01387858331,-0.002595320257993694,2018-11-30,7962.59175180748,-0.0008987462737825025
2018-12,2018-12-31,6329.96459241818,-0.08908447975230338,2018-12-31,7259.55199960175,-0.08829282903347924
2019-01,2019-01-31,6906.83933784196,0.09113396086207826,2019-01-31,7924.35378338955,0.09157614461942964
2019-02,2019-02-28,7097.52549972555,0.02760831004694686,2019-02-28,8156.98177106265,0.029356083036160996
2019-03,2019-03-29,7378.77147433778,0.039625919571984136,2019-03-29,8485.66310293622,0.04029447914663553
2019-04,2019-04-30,7781.45569623475,0.05457334236430045,2019-04-30,8952.14365212161,0.054972786867295786
2019-05,2019-05-31,7127.95613487452,-0.08398165932840063,2019-05-31,8213.94940349795,-0.08246005396134481
2019-06,2019-06-28,7671.07487102241,0.07619557778850594,2019-06-28,8846.01081383804,0.07694975696720552
2019-07,2019-07-31,7848.77977893122,0.023165581212105435,2019-07-31,9055.05290523851,0.023631227205087812
2019-08,2019-08-30,7690.99781114365,-0.020102738544290677,2019-08-30,8886.50000636988,-0.018614236783875526
2019-09,2019-09-30,7749.44866017719,0.007599904520691592,2019-09-30,8960.02567684938,0.008273861523298898
2019-10,2019-10-31,8083.8323796224,0.0431493560520686,2019-10-31,9351.56798385028,0.0436987929635686
2019-11,2019-11-29,8403.68486887137,0.039566937342151,2019-11-29,9735.22980898752,0.041026470191930065
2019-12,2019-12-31,8733.07277156619,0.03919565141179038,2019-12-31,10123.98297554673,0.0399326132188802
2020-01,2020-01-31,8991.51150780864,0.029593104626803868,2020-01-31,10428.24980219976,0.030054063443997192
2020-02,2020-02-28,8461.83449155727,-0.05890856234698405,2020-02-28,9825.85950972233,-0.05776523423425861
2020-03,2020-03-31,7813.498914128,-0.07661879679591255,2020-03-31,9081.81728856904,-0.07572286377767634
2020-04,2020-04-30,9000.50888946938,0.15191785247388778,2020-04-30,10465.21007469587,0.15232554698805223
2020-05,2020-05-29,9555.52484342193,0.061664952589727484,2020-05-29,11125.59280628004,0.063102673225923
2020-06,2020-06-30,10156.85167284227,0.0629297541761189,2020-06-30,11834.05082514582,0.06367822651804023
2020-07,2020-07-31,10905.88111438165,0.07374622232026495,2020-07-31,12710.65188985895,0.07407447184952654
2020-08,2020-08-31,12110.69761173159,0.11047401715769145,2020-08-31,14129.18197176762,0.11160167819877365
2020-09,2020-09-30,11418.06264383273,-0.05719199587874324,2020-09-30,13328.02255923128,-0.05670246261511713
2020-10,2020-10-30,11052.94579023863,-0.03197712825575649,2020-10-30,12906.65935044754,-0.031614833101546225
2020-11,2020-11-30,12268.31644696672,0.10995898105294621,2020-11-30,14339.93836237385,0.11104957317066022
2020-12,2020-12-31,12888.28355223545,0.050534000157944625,2020-12-31,15072.2870581013,0.051070560920194685
2021-01,2021-01-29,12925.37560254874,0.002877966655758124,2021-01-29,15120.81556518308,0.00321971754483652
2021-02,2021-02-26,12909.44313306348,-0.0012326504060832244,2021-02-26,15115.02391488815,-0.0003830249942513575
2021-03,2021-03-31,13091.44284792701,0.014098184792912916,2021-03-31,15337.62120214848,0.014726889518254405
2021-04,2021-04-30,13860.75951733217,0.05876484955414818,2021-04-30,16244.98120670808,0.05915910900397625
2021-05,2021-05-28,13686.51179175144,-0.012571297075231858,2021-05-28,16055.69681662549,-0.01165186882484226
2021-06,2021-06-30,14554.80169997115,0.06344128594862353,2021-06-30,17083.11140646732,0.06399065712164886
2021-07,2021-07-30,14959.89630562324,0.027832368588909917,2021-07-30,17564.35333167189,0.028170624996473492
2021-08,2021-08-31,15582.51219188219,0.04161899745420805,2021-08-31,18311.17808445219,0.042519342367909996
2021-09,2021-09-30,14689.61600353312,-0.05730117052719075,2021-09-30,17269.99472824143,-0.05686053357183052
2021-10,2021-10-29,15850.47163315233,0.07902559395289876,2021-10-29,18640.96681897056,0.07938462705418181
2021-11,2021-11-30,16135.92430199993,0.01800909622465463,2021-11-30,18992.07153988923,0.01883511323894216
2021-12,2021-12-31,16320.07959667119,0.011412751524152664,2021-12-31,19217.94429080045,0.011893002321353707
2022-01,2022-01-31,14930.05251311628,-0.08517281275015565,2022-01-31,17586.5786659277,-0.08488762378469783
2022-02,2022-02-28,14237.80978944312,-0.04636572597886135,2022-02-28,16787.29214633465,-0.04544866484699439
2022-03,2022-03-31,14838.49348787606,0.04218933300249095,2022-03-31,17506.11742098087,0.04281960833112497
2022-04,2022-04-29,12854.80357501403,-0.13368539835144477,2022-04-29,15170.44072266502,-0.1334206004762981
2022-05,2022-05-31,12642.10013415757,-0.016546611514927645,2022-05-31,14937.99318410449,-0.015322398525525194
2022-06,2022-06-30,11503.71688124042,-0.09004700491505868,2022-06-30,13601.81658821173,-0.08944819959581896
2022-07,2022-07-29,12947.97490041474,0.12554707613932425,2022-07-29,15316.04330200882,0.12602924783464275
2022-08,2022-08-31,12272.03054803374,-0.05220463876241754,2022-08-31,14533.28864736968,-0.051106845234400455
2022-09,2022-09-30,10971.22239522904,-0.1059977929254029,2022-09-30,13000.3997917814,-0.10547432812914725
2022-10,2022-10-31,11405.56907832162,0.039589634358470294,2022-10-31,13521.31492029178,0.0400691622452789
2022-11,2022-11-30,12030.05998805146,0.054753156588810636,2022-11-30,14280.64066844546,0.05615768530131193
2022-12,2022-12-30,10939.76162451631,-0.0906311659807233,2022-12-30,12994.57330119566,-0.09005669963333629
2023-01,2023-01-31,12101.92929357077,0.10623336311551901,2023-01-31,14380.73900480086,0.10667266030794997
2023-02,2023-02-28,12042.11647933587,-0.004942419740187831,2023-02-28,14327.20912104466,-0.0037223319148154133
2023-03,2023-03-31,13181.35053345811,0.09460413840682835,2023-03-31,15693.91225205717,0.09539213949247194
2023-04,2023-04-28,13245.98646667011,0.004903589586509938,2023-04-28,15775.35730145981,0.005189595054092777
2023-05,2023-05-31,14254.09024818922,0.07610635750351458,2023-05-31,16995.55959583454,0.07734863122636315
2023-06,2023-06-30,15179.20838516407,0.06490194188944276,2023-06-30,18108.43132359294,0.06548014623955978
2023-07,2023-07-31,15756.99941665471,0.03806463531097992,2023-07-31,18803.7433512901,0.0383971430364185
2023-08,2023-08-31,15501.07442640266,-0.01624198767066931,2023-08-31,18521.39441753201,-0.015015570489517405
2023-09,2023-09-29,14715.24405074836,-0.05069521983042735,2023-09-29,17590.92776731674,-0.050237397316829746
2023-10,2023-10-31,14409.78311730728,-0.020758128943539123,2023-10-31,17232.74527718575,-0.020361773686347617
2023-11,2023-11-30,15947.86949623096,0.10673903738886392,2023-11-30,19097.14875049519,0.10818957997236267
2023-12,2023-12-29,16825.93070568058,0.05505821386719645,2023-12-29,20158.42122631246,0.05557229980678402
2024-01,2024-01-31,17137.23579120616,0.018501507641445425,2024-01-31,20539.35536187116,0.018897022305569777
2024-02,2024-02-29,18043.85001331123,0.05290317721894744,2024-02-29,21650.13050166734,0.05408033116064592
2024-03,2024-03-28,18254.68877690825,0.01168479916655718,2024-03-28,21916.48965014281,0.012302888818843671
2024-04,2024-04-30,17440.69183718555,-0.044591115722136365,2024-04-30,20945.58066669982,-0.04430038746814824
2024-05,2024-05-31,18536.65084017172,0.06283919314768571,2024-05-31,22284.09097812131,0.06390418736633574
2024-06,2024-06-28,19682.87092403128,0.06183533874282876,2024-06-28,23680.38747019455,0.06265889389179646
2024-07,2024-07-31,19362.4280484401,-0.01628029146906329,2024-07-31,23303.25492760424,-0.015925944753437338
2024-08,2024-08-30,19574.63951828445,0.010959961700745868,2024-08-30,23578.12680516963,0.01179542851070936
2024-09,2024-09-30,20060.68660778754,0.02483044906390619,2024-09-30,24183.36239033052,0.025669366789060843
2024-10,2024-10-31,19890.41545810305,-0.008487802686593549,2024-10-31,23986.04754154632,-0.008159115577042186
2024-11,2024-11-29,20930.36622929962,0.05228401454897269,2024-11-29,25260.61469909582,0.05313785672032112
2024-12,2024-12-31,21012.17370392947,0.003908554381400808,2024-12-31,25376.2219281626,0.004576580199804781
2025-01,2025-01-31,21478.04780707399,0.022171628205100546,2025-01-31,25947.53271001673,0.02251362647566113
2025-02,2025-02-28,20884.40809494124,-0.02763937008917683,2025-02-28,25249.72858972238,-0.026892889127179687
2025-03,2025-03-31,19278.44689257005,-0.0768976163973829,2025-03-31,23327.51918633377,-0.07612792337779917
2025-04,2025-04-30,19571.01825140987,0.015176085525467231,2025-04-30,23689.80783884281,0.015530526397392608
2025-05,2025-05-30,21340.99252344386,0.0904385377039072,2025-05-30,25853.83612190368,0.0913484945839298
2025-06,2025-06-30,22679.00901042036,0.06269701306097364,2025-06-30,27494.05004038576,0.06344180069635663
2025-07,2025-07-31,23218.12378391251,0.02377153134179899,2025-07-31,28156.5173045443,0.02409493192837897
2025-08,2025-08-29,23415.41980921227,0.008497500794464097,2025-08-29,28416.57759990938,0.009236238010270625
2025-09,2025-09-30,24679.98773467524,0.05400577635449655,2025-09-30,29970.26311618615,0.054675321502534624
2025-10,2025-10-31,25858.12596754833,0.047736580971546205,2025-10-31,31410.39097532244,0.048051892422609876
2025-11,2025-11-28,25434.88915825989,-0.01636765208041746,2025-11-28,30918.76780651082,-0.01565160934156673
2025-12,2025-12-31,25249.84661615692,-0.007275146392485055,2025-12-31,30711.48557177979,-0.006704091056545236
2026-01,2026-01-30,25552.38674697859,0.011981860144373302,2026-01-30,31089.81022529113,0.012318669919991532
2026-02,2026-02-27,24960.03525880586,-0.023181845752345387,2026-02-27,30387.08416116185,-0.022603099183848507
2026-03,2026-03-31,23740.188680113,-0.04887198940404147,2026-03-31,28924.50702786616,-0.048131539226953235
2026-04,2026-04-30,27452.11973665787,0.15635642608242328,2026-04-30,33454.16276155002,0.15660269436294771
2026-05,2026-05-29,30333.17966581892,0.10494854156248845,2026-05-29,36993.15989799661,0.10578645060321401
2026-06,2026-06-30,30276.34817586902,-0.0018735750942041607,2026-06-30,36947.81427843768,-0.0012257838931294396
2026-07,2026-07-31,28274.19506644267,-0.06612928011648767,2026-07-31,34514.34928837904,-0.06586221776801526
2026-08,2026-08-31,29456.97325299668,0.041832426485512775,2026-08-31,35976.93828495717,0.04237625876581674
