month,spx_price_observation_date,spx_price,spx_price_return,spx_total_return_observation_date,spx_total_return_index,spx_total_return,spx_total_return_index_yahoo_unrounded,spx_price_source,spx_total_return_source
2025-12,2025-12-31,6845.5,-0.00052415722380630002,2025-12-31,15220.450199999999,0.00061209089159889999,15220.4501953125,FRED SP500 / S&P Dow Jones Indices; actual daily close,Preserved old website December 2025 baseline; Yahoo fresh daily close independently checked
2026-01,2026-01-30,6939.0299999999997,0.013662990285588927,2026-01-30,15441.150390625,0.014500240644984341,15441.150390625,FRED SP500 / S&P Dow Jones Indices; actual daily close,Yahoo Finance chart API ^SP500TR USD INDEX; actual daily close
2026-02,2026-02-27,6878.8800000000001,-0.0086683585457909551,2026-02-27,15323.7998046875,-0.0075998603063116565,15323.7998046875,FRED SP500 / S&P Dow Jones Indices; actual daily close,Yahoo Finance chart API ^SP500TR USD INDEX; actual daily close
2026-03,2026-03-31,6528.5200000000004,-0.050932709976042601,2026-03-31,14560.75,-0.049795077879710048,14560.75,FRED SP500 / S&P Dow Jones Indices; actual daily close,Yahoo Finance chart API ^SP500TR USD INDEX; actual daily close
2026-04,2026-04-30,7209.0100000000002,0.10423342503354505,2026-04-30,16088.5595703125,0.1049265711115499,16088.5595703125,FRED SP500 / S&P Dow Jones Indices; actual daily close,Yahoo Finance chart API ^SP500TR USD INDEX; actual daily close
2026-05,2026-05-29,7580.0600000000004,0.05147031284462078,2026-05-29,16935.349609375,0.052633054896042086,16935.349609375,FRED SP500 / S&P Dow Jones Indices; actual daily close,Yahoo Finance chart API ^SP500TR USD INDEX; actual daily close
2026-06,2026-06-30,7499.3599999999997,-0.010646353722793878,2026-06-30,16774.0703125,-0.0095232339806979871,16774.0703125,FRED SP500 / S&P Dow Jones Indices; actual daily close,Yahoo Finance chart API ^SP500TR USD INDEX; actual daily close
2026-07,2026-07-31,7489.7200000000003,-0.0012854430244713111,2026-07-31,16763.419921875,-0.00063493179810170108,16763.419921875,FRED SP500 / S&P Dow Jones Indices; actual daily close,Yahoo Finance chart API ^SP500TR USD INDEX; actual daily close
2026-08,2026-08-31,7686.1400000000003,0.026225279449699102,2026-08-31,17219.939453125,0.027233078535142896,17219.939453125,FRED SP500 / S&P Dow Jones Indices; actual daily close,Yahoo Finance chart API ^SP500TR USD INDEX; actual daily close
